chilli , 28
lamb , 29
mirin , 98
clove , 197
tumeric , 14
octopus , 11
hotdogs , 13
tomatoe , 27
spam , 63
ghee , 66
crabmeat , 137
corriander , 10
sriracha , 24
clams , 32
chillies , 14
shal , 37
jicama , 46
beetroot , 24
curry , 38
mussels , 36
evoo , 43
peppercorns , 43
broth , 23
marinade , 50
mutton , 12
salad , 105
tomatos , 33
toothpicks , 33
fusilli , 22
tequila , 24
passata , 22
meatballs , 70
oatmeal , 465
tagliatelle , 22
adobo , 17
avacado , 17
main , 14
hummus , 110
sazon , 10
rotel , 64
vodka , 28
gravy , 36
options , 13
chips , 19
sweetcorn , 53
wraps , 22
guacamole , 144
jalepeֳ±o , 19
sirloin , 23
garnish , 108
bourbon , 40
skewers , 17
buns , 104
crust , 11
venison , 17
avacados , 11
veggies , 14
bisquick , 218
stock , 35
sardines , 14
herbs , 55
polenta , 44
batter , 17
relish , 48
ranch , 10
doritos , 16
grits , 59
coleslaw , 59
cognac , 23
meatloaf , 18
courgette , 29
seasoning , 160
pistachios , 76
stuffing , 16
glaze , 17
linguine , 66
aioli , 12
fettuccine , 24
waffles , 33
tahini , 133
veal , 15
steak-ums , 11
capsicum , 37
ponzu , 31
eggplants , 79
penne , 61
peppercorn , 35
tzatziki , 22
parsely , 10
aubergine , 12
lobsters , 15
lard , 59
tamari , 56
brocolli , 11
baguette , 178
condiments , 18
whiskey , 29
yoghurt , 76
crab , 29
brandy , 80
sumac , 16
roast , 14
hazelnuts , 94
rocket , 55
gnocchi , 24
courgettes , 20
gherkins , 14
ciabatta , 89
tempeh , 29
jelly , 69
kiwi , 74
cereal , 109
jam , 103
bun , 29
mangoes , 89
ג˜…milk , 12
ג˜…sugar , 17
rum , 72
ג˜†sugar , 15
granola , 12
ג—sugar , 10
umeboshi , 14
katakuriko , 17
mentsuyu , 20
nori , 61
broccolini , 14
anchovies , 40
nutella , 55
mascarpone , 27
shoyu , 20
tortellini , 28
lasagna , 11
okara , 10
grapefruits , 22
miso , 35
beetroots , 20
dashi , 12
marshmallows , 133
tostadas , 16
sandwich , 11
linseeds , 15
pretzels , 51
capicola , 19
vinaigrette , 21
crumpets , 14
chilies , 33
icing , 19
craisins , 79
frankfurters , 19
half-and-half , 523
chutney , 48
sultanas , 39
jaggery , 13
ice , 42
pimientos , 55
frosting , 15
giardiniera , 15
agave , 18
tapenade , 27
gorgonzola , 57
gelatin , 21
bocconcini , 18
crisco , 36
mesclun , 21
bratwursts , 28
champagne , 20
amaranth , 13
kefir , 24
yams , 12
crepes , 24
harissa , 30
challah , 57
stevia , 62
sucanat , 19
pepitas , 42
amaretto , 33
farina , 17
kahlua , 16
caramels , 36
blackberry , 29
fat , 23
marmalade , 13
extract , 13
muesli , 24
gingerroot , 112
sultana , 51
msg , 16
m%26m%27s , 19
gluten , 14
mincemeat , 10
oleo , 20
weetabix , 12
preserves , 15
pimiento , 38
poundcake , 10
vegemite , 24
marmite , 16
milo , 12
psyllium , 10
lox , 12
toothpick , 19
chile , 17
frisee , 12
ale , 12
panir , 10
pretzel , 31
m%26m%27 , 16
garlic paste , 58
arborio rice , 32
cayenne powder , 35
green chilli , 13
red chilli , 22
mexican oregano , 22
sriracha sauce , 62
dashi stock , 14
chilli flakes , 32
baby potatoes , 13
rice paper , 13
purple cabbage , 13
lime wedges , 16
sweet corn , 87
vegetable stock , 156
rice vinegar , 245
green chilies , 419
chilli powder , 29
bouillon cube , 10
brown bread , 33
daikon radish , 37
cornbread mix , 23
dry mustard , 544
urad dal , 17
garam masala , 120
tilapia fillet , 11
turmeric powder , 158
sausage meat , 22
liquid smoke , 132
hot sauce , 614
dehydrated onions , 12
taco seasoning , 326
pine nuts , 239
beef bouillon , 15
pineapple slices , 21
fine semolina , 13
old-fashioned oats , 36
sweet peas , 29
pork mince , 24
ginger paste , 32
green chilis , 10
coriander powder , 84
bbq sauce , 36
basmati rice , 66
chicken tenders , 57
hollandaise sauce , 33
green chillies , 31
italian seasoning , 567
mustard powder , 155
demerara sugar , 24
english cucumber , 90
hoagie rolls , 161
alfredo sauce , 74
white sauce , 29
double cream , 54
gluten-free oats , 16
meat tenderizer , 12
cream chicken , 30
cream mushroom , 25
chicken spice , 12
sourdough bread , 292
chili beans , 32
chestnut mushrooms , 23
green chiles , 36
rubbed sage , 40
sharp cheddar , 26
aluminum foil , 27
green cardamoms , 16
cinnamon stick , 129
pepperoncini peppers , 40
lemon pepper , 153
hamburger meat , 39
pie filling , 21
black peppercorns , 81
bbq spice , 17
peanut sauce , 11
lime peel , 81
granulated garlic , 82
hungarian paprika , 26
tomato soup , 76
italian dressing , 128
uncooked rice , 23
lemon rind , 101
cracked pepper , 66
puff pastry , 139
apple cider , 101
kitchen equipment , 12
chili flakes , 85
artichoke hearts , 121
risotto rice , 16
chicken bouillon , 34
wheat tortillas , 10
red chili , 14
cloves garlic , 49
cooking spray , 719
hoisin sauce , 131
sausage links , 57
roma tomato , 144
worchestershire sauce , 11
hot paprika , 32
dried chilies , 16
ranch dressing , 209
pizza crust , 31
mozzerella cheese , 28
eggs beaten , 20
turkey breast , 127
cajun seasoning , 200
lean turkey , 10
main ingredients , 12
soft cheese , 12
crescent rolls , 119
chicken cutlets , 18
ritz crackers , 37
coconut extract , 39
parmesean cheese , 17
enchilada sauce , 85
spanish rice , 16
lager beer , 10
dried chives , 46
chedder cheese , 30
soft tofu , 32
dried dill , 108
clove garlic , 24
frying oil , 16
creole seasoning , 74
rice wine , 44
red lentils , 15
chili pepper , 41
new potatoes , 61
sweet paprika , 95
buffalo sauce , 13
pie shells , 15
steak sauce , 44
dried sage , 86
salmon filet , 11
corned beef , 124
garlic bread , 26
orange pepper , 73
beaten eggs , 10
honey mustard , 120
quick oats , 228
tomato slices , 10
egg wash , 17
sweet pepper , 50
baking potatoes , 113
steak seasoning , 33
tomato juice , 92
mushroom soup , 14
marinara sauce , 134
cheese choice , 17
peanut oil , 282
corn flakes , 161
wonton wrappers , 77
rump roast , 24
sherry wine , 64
poblano chile , 11
dried herbs , 43
snow peas , 71
sambal oelek , 26
sweet peppers , 24
mixed veggies , 10
tomato catsup , 80
thyme leaves , 42
lean pork , 17
brown mustard , 45
andouille sausage , 22
red lentil , 20
dried coriander , 42
jasmine rice , 23
lump crabmeat , 44
creamed corn , 54
corn kernels , 83
jalapeno chiles , 13
roasted peppers , 20
cheese whiz , 17
sage leaves , 20
coconut cream , 26
mixed herbs , 82
salsa verde , 36
celery ribs , 211
cooking cream , 12
mixed vegetables , 73
orange marmalade , 104
chicken base , 17
jumbo shells , 16
turkey gravy , 14
pecan nuts , 19
adobo seasoning , 35
tortilla wraps , 10
burger buns , 10
skirt steak , 10
rotisserie chicken , 25
sweetened coconut , 44
cracker crumbs , 11
celery sticks , 12
pita pockets , 38
pineapple rings , 21
chili sauce , 183
grilled chicken , 23
taco sauce , 95
whipping cream , 367
tater tots , 38
bread dough , 22
italian sausages , 27
crusty bread , 57
beefsteak tomato , 18
green lentils , 14
poblano pepper , 24
adobo sauce , 48
french fries , 22
hawaiian rolls , 11
coriander leaves , 153
chicken tenderloins , 38
english mustard , 26
small mushrooms , 10
bean sprouts , 151
pork fat , 13
roasted garlic , 35
meat sauce , 23
biscuit dough , 18
hot pepper , 33
chipotle peppers , 13
string beans , 10
thickened cream , 17
pepper flakes , 13
crab meat , 10
mixed mushrooms , 31
pearl barley , 29
walnut pieces , 72
hass avocado , 33
pizza dough , 134
salmon fillet , 34
quaker oats , 34
creme fraiche , 120
lean ham , 37
plum tomato , 77
apricot jam , 47
caramel sauce , 17
sunflower oil , 131
single cream , 24
baking apples , 17
garbanzo beans , 134
ginger powder , 40
wasabi paste , 36
dry yeast , 141
mascarpone cheese , 58
root beer , 10
green chili , 85
wheat tortilla , 11
green salsa , 10
spring greens , 16
oyster crackers , 22
caster sugar , 215
soya sauce , 44
chicken pieces , 23
raspberry jam , 68
wholegrain mustard , 18
poblano peppers , 28
mandarin oranges , 77
idaho potatoes , 22
bamboo skewers , 12
shimeji mushrooms , 28
tomato purֳ©e , 17
beef gravy , 19
instant rice , 28
cannellini beans , 98
dry oregano , 23
kalamata olives , 93
chunky salsa , 70
baby corn , 21
marjoram leaves , 10
snap peas , 13
beef sirloin , 16
star anise , 36
miracle whip , 145
pepperoni slices , 32
green apples , 15
mango chutney , 68
turkey ham , 19
apricot preserves , 63
hot sausage , 42
jar salsa , 15
2% milk , 27
shortcrust pastry , 35
roast beef , 116
corn syrup , 203
heinz catsup , 18
broccoli slaw , 10
pea pods , 10
turkey meat , 16
pizza cheese , 35
portobello mushrooms , 12
sunflower seeds , 506
pizza crusts , 18
refrigerated biscuits , 101
lemon wedges , 19
pecorino cheese , 23
cremini mushrooms , 50
flax seeds , 159
arugula leaves , 20
piece ginger , 15
white cabbage , 13
french baguette , 56
teriyaki marinade , 12
nutritional yeast , 98
chat masala , 14
spanish chorizo , 11
agave syrup , 32
asparagus spears , 97
minute rice , 14
cheese ravioli , 10
hamburger patties , 11
mild cheese , 12
jack cheese , 11
habanero peppers , 12
baby arugula , 45
clam juice , 14
red apples , 22
spanish olives , 13
seafood seasoning , 21
bok choy , 30
crystallized ginger , 58
picante sauce , 58
kale leaves , 11
instant yeast , 74
apple jelly , 27
powdered ginger , 29
curry leaf , 14
tabasco sauce , 377
raw sugar , 95
xanthan gum , 88
chili peppers , 20
cool whip , 68
red capsicum , 92
green cabbage , 68
phyllo dough , 44
dark rum , 41
agave nectar , 121
horseradish mustard , 11
malt vinegar , 21
sea scallops , 18
light cream , 128
red beans , 21
fully ham , 14
corn chips , 48
hard salami , 38
cherry tomato , 26
bulk sausage , 70
raw honey , 37
strawberry jam , 93
clear honey , 42
veg oil , 11
pie crusts , 88
sweet relish , 69
italian spices , 13
chinese cabbage , 18
cabbage leaves , 11
cooking sherry , 11
grapeseed oil , 54
pitted olives , 13
light cheese , 11
garlic oil , 13
chili oil , 23
rump steak , 11
habanero pepper , 17
elbow macaroni , 141
jumbo eggs , 32
serrano ham , 12
dried lentils , 18
lean hamburger , 19
strawberry preserves , 52
green capsicum , 28
desiccated coconut , 74
taco cheese , 19
broccoli floret , 51
tasty cheese , 97
protein powder , 105
ice cube , 72
thick bread , 25
pie shell , 30
sandwich bread , 129
white cheese , 12
red apple , 33
green apple , 55
parmigiano reggiano , 13
deli ham , 247
maple sausage , 11
grand marnier , 44
coconut flakes , 40
kaiser roll , 14
coconut flour , 73
sausage patties , 27
chicken sausage , 14
flax seed , 264
low-fat milk , 255
sourdough starter , 45
turbinado sugar , 53
wiener sausages , 14
grainy mustard , 51
dried fruit , 191
pancake syrup , 38
salad oil , 57
kabocha squash , 40
pack natto , 13
processed cheese , 52
nori seaweed , 39
ג˜†soy sauce , 15
leaves cabbage , 16
condensed milk , 44
ג˜… sugar , 11
shiso leaves , 18
japanese leek , 17
ג˜…soy sauce , 12
silken tofu , 44
bonito flakes , 23
cm carrot , 12
mixed fruit , 26
ג—soy sauce , 11
french dressing , 23
cinnamon sugar , 115
roast pork , 16
manila clams , 15
blueberry jam , 10
mizuna greens , 10
firm tofu , 143
ג— garlic , 10
white miso , 10
almond flour , 80
bechamel sauce , 12
anchovy paste , 26
mini marshmallows , 59
ג— sugar , 15
coffee creamer , 13
corn kernel , 46
lemon slice , 17
celery leaves , 14
thinly ham , 10
chicken strips , 26
salad greens , 42
black vinegar , 12
sushi rice , 22
red chilies , 51
cheese slices , 44
chocolate syrup , 68
chicken meat , 16
baby greens , 10
dill relish , 35
pomegranate seeds , 23
cracked wheat , 16
ciabatta rolls , 64
dried mustard , 26
manchego cheese , 38
potato starch , 65
fine sugar , 12
mixed seeds , 11
vanilla pod , 10
alfalfa sprouts , 26
french mustard , 12
green grapes , 19
spicy mustard , 25
mild sausage , 14
grain bread , 16
low-fat yogurt , 48
palm sugar , 22
andouille sausages , 15
dill pickle , 79
miniature marshmallows , 78
graham crackers , 39
italian herbs , 10
hardboiled egg , 43
garlic granules , 34
pizza seasoning , 12
italian seasonings , 11
pistachio nuts , 11
kaiser rolls , 120
potato sticks , 10
lean beef , 19
multigrain bread , 50
dried cherries , 145
pickling cucumbers , 10
celery rib , 114
mixed greens , 42
parchment paper , 10
cheese tortellini , 37
red salmon , 14
unsweetened cocoa , 51
spicy sausage , 17
balsamic vinaigrette , 30
buffalo mozzarella , 10
halloumi cheese , 30
stuffed olives , 16
mozarella cheese , 11
red grapes , 47
pineapple tidbits , 50
pumpkin spice , 10
mandarin orange , 16
cardamom pods , 27
vanilla sugar , 40
dried beef , 27
italian cheese , 13
dill pickles , 90
dark chocolate , 63
almond extract , 391
hoagie roll , 22
dried apricot , 212
lasagna sheets , 10
seedless cucumber , 36
sandwich buns , 132
turkey pepperoni , 20
hot salsa , 19
horseradish cream , 12
taco shells , 46
chipotle pepper , 17
cinnamon sticks , 46
orange extract , 35
baking cocoa , 29
pickle juice , 27
tart apple , 42
lobster meat , 24
beef consomme , 18
coarse sugar , 12
navel oranges , 19
mild salsa , 23
pitted dates , 80
unsweetened coconut , 87
english cucumbers , 22
sweet apple , 10
white chocolate , 55
raspberry preserves , 47
oregano leaves , 47
curry paste , 22
unsweetened chocolate , 24
mushroom pieces , 21
boursin cheese , 21
marshmallow cream , 26
dried chili , 11
dark beer , 18
rum extract , 31
hard-boiled eggs , 364
pecan pieces , 66
golden syrup , 61
cotija cheese , 27
mixed nuts , 94
kiwi fruits , 40
tarragon vinegar , 26
albacore tuna , 29
dried yeast , 29
trail mix , 12
dried mango , 13
deli turkey , 125
grape jelly , 24
turkey slices , 13
dijon-style mustard , 61
marshmallow creme , 26
pineapple chunk , 29
custard powder , 14
light margarine , 32
whole almonds , 23
cardamom powder , 18
tamarind paste , 17
tahini paste , 14
lebanese cucumber , 17
liquid honey , 45
southwest seasoning , 10
soy yogurt , 27
baby rocket , 12
coleslaw mix , 59
yellow cheese , 12
garlic chives , 10
navel orange , 16
kernel corn , 10
coconut sugar , 14
masa harina , 16
soya milk , 16
brown lentils , 12
submarine rolls , 16
flaked coconut , 150
dijon mustard , 1095
tart apples , 57
wood chips , 10
powdered milk , 139
tamarind pulp , 15
parmigiano-reggiano cheese , 10
wooden skewers , 28
quick-cooking oats , 328
dry vermouth , 13
peach preserves , 21
dark molasses , 17
cream-style corn , 27
ginger ale , 12
dried savory , 11
focaccia bread , 76
hard-cooked eggs , 63
artificial sweetener , 133
quick-cooking grits , 68
light molasses , 19
sugar substitute , 98
granola cereal , 222
orange liqueur , 11
baking mix , 78
instant oatmeal , 18
bittersweet chocolate , 43
steel-cut oats , 12
sugar-free syrup , 20
very bananas , 10
firm bananas , 18
champagne vinegar , 14
macadamia nuts , 117
lemon extract , 71
tapioca starch , 20
almond meal , 59
vanilla bean , 63
reduced-fat milk , 21
pitted prunes , 12
maple extract , 47
plain croissants , 43
baking potato , 36
stevia powder , 25
mango chunks , 17
walnut oil , 31
matzo meal , 34
blueberry preserves , 11
safflower oil , 50
solid-pack pumpkin , 11
cinnamon-raisin bread , 17
chunky applesauce , 18
hemp seeds , 36
whole oats , 22
whey protein , 19
peach slices , 20
superfine sugar , 47
vanilla powder , 12
link sausage , 11
old-fashioned oatmeal , 69
dried pineapple , 25
black-eyed peas , 37
jalapeno chile , 27
extra-large eggs , 30
garlic clove , 1522
hard rolls , 24
hard-cooked egg , 11
hot mustard , 10
bulgur wheat , 11
tamarind juice , 12
lemon yogurt , 20
french baguettes , 67
belgian endive , 11
imitation crabmeat , 48
wine vinegar , 31
lemon-pepper seasoning , 14
confectioners%27 sugar , 524
fresh raspberry , 62
ground turkey , 199
jalapeno jelly , 10
slivered almonds , 290
mashed banana , 86
natural bran , 107
all-bran cereal , 156
almond oil , 11
farmer cheese , 21
country bread , 63
rolled oats , 1001
rice krispies , 123
ground walnuts , 16
fresh chives , 354
ground coriander , 231
velveeta cheese , 178
sliced mushrooms , 275
crushed pineapple , 177
maple flavoring , 45
broccoli florets , 79
unsulphured molasses , 17
biscuit mix , 65
pecan halves , 166
banana extract , 19
garlic cloves , 2647
karo syrup , 14
lemon curd , 24
fresh garlic , 79
cinnamon-swirl bread , 27
fresh mushrooms , 255
lemon wedge , 83
ground cardamom , 153
fresh herb , 35
unsweetened soymilk , 18
fresh coriander , 733
fresh ginger , 442
dried currant , 32
fresh peaches , 33
sliced almonds , 393
pink grapefruit , 15
vanilla-flavored soymilk , 49
candied ginger , 19
quick-cooking oatmeal , 67
stale bread , 24
quick oatmeal , 20
cooking apples , 28
ground sausage , 71
short-grain rice , 11
miniature bagels , 12
fresh fruit , 97
fresh mango , 15
dried apple , 44
ground pecans , 15
seasoned pepper , 16
sour milk , 31
mashed bananas , 79
splenda granular , 226
multi-grain bread , 22
low-fat granola , 31
nonfat yogurt , 71
light bread , 11
blackstrap molasses , 30
saffron thread , 19
ground mustard , 88
fat-free half-and-half , 36
fresh figs , 14
fresh herbs , 22
grape-nuts cereal , 36
cubed ham , 24
fresh sage , 66
ground pepper , 154
orange rind , 156
fresh breadcrumb , 56
baby spinach , 210
five-spice powder , 32
fresh nutmeg , 25
ice cream , 24
tarragon leaf , 14
dried dates , 31
cinnamon-sugar mixture , 24
country ham , 15
fresh jalapenos , 10
crisco shortening , 25
passion fruit , 10
lime wedge , 44
dark raisin , 32
shredded coconut , 199
bran flakes , 54
diced tomato , 73
fresh pineapple , 76
porridge oats , 37
vanilla flavoring , 34
fresh cherries , 12
strong coffee , 19
o%27brien potatoes , 16
caramel topping , 18
marinated artichokes , 11
goldfish crackers , 19
frozen fruit , 18
peach yogurt , 11
natural yoghurt , 31
large marshmallows , 16
carob powder , 17
fresh asparagus , 45
ground veal , 14
jello gelatin , 20
rye flakes , 13
wheat flakes , 15
almond paste , 32
ground coffee , 12
candy sprinkles , 36
fresh gingerroot , 59
ground almonds , 38
poblano chiles , 17
kalamata olive , 110
asafoetida powder , 42
fresh coconut , 12
100%25 bran , 12
banana chips , 16
mushroom caps , 17
country sausage , 11
maraschino cherry , 34
anaheim chilies , 18
orange slice , 14
green grape , 18
ham steaks , 12
fresh pepper , 15
fresh tomato , 64
brioche bread , 47
fruit juice , 22
deviled ham , 10
ground thyme , 26
pancake batter , 10
fruit preserves , 21
cherry preserves , 18
bulgar wheat , 16
mixed spice , 53
small pretzels , 39
jarlsberg cheese , 31
frozen waffles , 20
unflavored gelatin , 36
ground oregano , 16
stilton cheese , 19
walnut halves , 43
full-fat milk , 19
reduced-fat cheese , 11
boiled potatoes , 13
natural almonds , 13
natural applesauce , 17
roasted turkey , 16
dried fig , 26
glace cherries , 11
miniature marshmallow , 26
whole cloves , 37
instant oats , 21
fresh oregano , 114
cracker crumb , 16
ground venison , 11
canned tuna , 61
frozen vegetables , 14
quick-cooking barley , 10
fresh tarragon , 84
asiago cheese , 80
tea bags , 12
fat-free margarine , 13
chili paste , 41
low-fat cheese , 46
carob chips , 14
fresh jalapeno , 15
fresh cream , 12
vanilla frosting , 10
channa dal , 15
chopped pimiento , 29
whole almond , 43
ziploc bag , 10
chopped tomato , 122
semisweet chocolate , 59
cocktail franks , 22
mixed berry , 23
honey-roasted ham , 27
pastry shells , 14
rosemary sprig , 10
plain soymilk , 10
ground lamb , 57
fresh zucchini , 14
bran buds , 11
fresh rhubarb , 15
medium cheddar , 24
emmenthaler cheese , 17
rotel tomatoes , 21
fresh peach , 17
roasted soybeans , 12
cane syrup , 10
fresh ricotta , 10
blanched almond , 27
triple sec , 10
cooked oatmeal , 10
fresh peas , 12
serrano chilies , 21
fresh crabmeat , 11
food coloring , 25
boiled ham , 18
liquid stevia , 13
almond flavoring , 10
red chile , 45
cinnamon rolls , 15
free-range eggs , 16
fruit spread , 12
mixed sprouts , 30
anchovy fillets , 41
chocolate sprinkles , 11
candy corn , 18
cooking apple , 10
red capsicums , 18
strawberry jelly , 11
toffee pieces , 17
vegan margarine , 18
apricot halves , 11
cauliflower florets , 14
minced beef , 17
fresh corn , 13
field mushrooms , 18
cooked pumpkin , 16
low-fat ricotta , 13
cooked lentils , 10
cashew pieces , 11
fresh broccoli , 27
goat%27s cheese , 10
soy crumbles , 10
vegetable juice , 13
alfalfa sprout , 81
ginger-garlic paste , 26
veggie burger , 14
pie pastry , 14
prepared stuffing , 27
pastry dough , 13
ground paprika , 15
cauliflower floret , 17
asparagus spear , 13
rice bubbles , 15
chevre cheese , 14
colored sprinkles , 10
cheese slice , 16
accent seasoning , 21
artichoke heart , 32
fresh marjoram , 18
veggie crumbles , 10
chipotle chile , 14
white karo , 10
guar gum , 24
brazil nut , 10
pistachio nut , 11
phyllo pastry , 46
popped popcorn , 156
cheez whiz , 19
pickling spices , 17
blanched almonds , 15
creole mustard , 16
salad leaves , 41
dill sprigs , 16
lime rind , 14
graham cracker , 31
crispix cereal , 39
hass avocadoes , 20
vinaigrette dressing , 10
pretzel stick , 17
new potato , 10
ground chuck , 79
ground round , 29
ground fennel , 13
anjou pear , 13
white peppercorns , 11
rice chex , 76
ketjap manis , 15
cajun spices , 11
flat bread , 33
wheat chex , 39
ground sirloin , 38
arugula leaf , 17
mango powder , 18
dijonnaise mustard , 10
serrano chili , 12
pepperoncini pepper , 22
pepper rings , 12
ground meat , 15
oreo cookies , 10
tuna steaks , 15
pickled ginger , 28
corn chex , 67
italian rolls , 26
popped corn , 33
canned chick-peas , 29
canned chicken , 22
unpopped popcorn , 13
lavash bread , 18
pretzel sticks , 49
fish fillets , 24
rice cakes , 12
catfish fillets , 15
diced pimentos , 26
chili-garlic sauce , 37
reese%27s pieces , 11
pretzel twists , 12
cheez-it crackers , 12
tilapia fillets , 23
roasting chickens , 12
romaine leaves , 11
minced ginger , 26
chicken drummettes , 14
wasabi powder , 23
rotisserie-cooked chicken , 19
chex cereal , 20
red chilli powder , 13
beef stock cube , 12
sweet chili sauce , 72
black pepper powder , 18
granulated garlic powder , 74
red chilly powder , 10
ginger garlic paste , 21
seasoned rice vinegar , 33
tamari soy sauce , 23
baby bok choy , 17
great northern beans , 27
red curry paste , 27
spicy brown mustard , 80
kaffir lime leaves , 18
light coconut milk , 34
half and half , 45
puff pastry sheet , 14
chicken stock cubes , 12
red pepper flakes , 605
dark soy sauce , 53
cream mushroom soup , 76
thousand island dressing , 93
dried rosemary leaves , 10
garam masala powder , 42
extra firm tofu , 61
deli corned beef , 20
white cooking wine , 10
vegetable stock cube , 20
louisiana hot sauce , 24
hot dog buns , 135
plain greek yogurt , 26
chicken bouillon cubes , 42
mild chili powder , 14
thin pizza crust , 15
boneless pork chops , 32
full cream milk , 18
dried chilli flakes , 11
cheese your choice , 19
frank&#39s hot sauce , 16
sweet chilli sauce , 17
long grain rice , 52
chicken bouillon cube , 37
pepper jack cheese , 33
pure maple syrup , 267
celery with leaves , 10
pico de gallo , 45
old bay seasoning , 102
italian blend cheese , 12
french onion soup , 20
cream celery soup , 13
colby jack cheese , 39
bread your choice , 10
unsweetened pineapple juice , 10
boneless pork shoulder , 31
toasted breaded almond , 34
granny smith apple , 158
beef bouillon cubes , 32
refrigerated crescent rolls , 20
whole black peppercorns , 15
sweetened condensed milk , 137
red chili peppers , 28
dried bay leaf , 18
boneless chuck roast , 14
baby bella mushrooms , 14
toasted breaded almonds , 18
sriracha hot sauce , 12
black sesame seeds , 22
ranch style beans , 11
ranch dressing mix , 63
lemon pepper seasoning , 46
yukon gold potatoes , 61
reduced-sodium chicken broth , 42
mini sweet peppers , 11
condensed tomato soup , 45
white sesame seeds , 33
sugar snap peas , 27
dried thyme leaves , 45
sweet italian sausage , 42
refrigerated biscuit dough , 11
hot italian sausage , 50
red chili powder , 138
herbes de provence , 31
bulk italian sausage , 40
yukon gold potato , 18
boneless pork loin , 17
green enchilada sauce , 31
corn tortilla chips , 24
dried split peas , 10
onion soup mix , 46
real maple syrup , 42
nonstick cooking spray , 278
imitation crab meat , 12
mild curry powder , 19
black mustard seeds , 17
beef stew meat , 14
chili pepper flakes , 16
sherry wine vinegar , 34
mild italian sausage , 28
red pepper flake , 10
hot pepper flakes , 26
mixed salad greens , 49
rice wine vinegar , 106
beef bouillon cube , 20
light soya sauce , 12
fine chili powder , 11
chicken stock cube , 24
green chili pepper , 50
ranch salad dressing , 41
vanilla pudding mix , 16
black forest ham , 54
red chili pepper , 107
red currant jelly , 17
chili with beans , 13
red sweet pepper , 26
beef bouillon granules , 16
textured vegetable protein , 39
chicken stock powder , 17
whole grain mustard , 68
bisquick baking mix , 138
dried oregano leaves , 61
unsweetened almond milk , 35
light corn syrup , 295
vanilla protein powder , 46
pure vanilla extract , 371
quick cooking oats , 28
country gravy mix , 13
corn muffin mix , 19
jellied cranberry sauce , 19
liquid egg substitute , 47
vanilla ice cream , 59
dill pickle relish , 33
red enchilada sauce , 25
leaves shiso leaves , 21
imitation crab sticks , 25
pack shimeji mushrooms , 11
packet shimeji mushrooms , 14
spring roll wrappers , 21
soup stock granules , 23
ג— soy sauce , 25
soup stock cube , 30
roasted sesame seeds , 12
instant potato flakes , 20
japanese worcestershire-style sauce , 11
hot dog bun , 22
easy melting cheese , 10
nonfat milk powder , 33
sesame seed oil , 18
caesar salad dressing , 49
jar alfredo sauce , 11
seedless raspberry jam , 30
sweet red pepper , 127
dried italian seasoning , 69
roasted red pepper , 171
mixed baby greens , 22
pace picante sauce , 16
italian salad dressing , 63
honey mustard dressing , 19
dill pickle spears , 12
honey roasted peanuts , 15
dry mustard powder , 18
jalapeno jack cheese , 18
italian cheese blend , 43
golden delicious apple , 25
mild green chilies , 38
dry roasted peanuts , 64
green seedless grapes , 14
tuna in brine , 11
deli roast beef , 83
light italian dressing , 11
sweet green pepper , 20
whole leaf oregano , 10
broccoli slaw mix , 10
red seedless grapes , 67
mixed italian herbs , 19
whole meal bread , 11
italian herb seasoning , 13
pimento stuffed olives , 22
green sweet pepper , 14
whole wheat pasta , 18
raw cashew nuts , 36
sun-dried tomato pesto , 17
whole grain bread , 106
fritos corn chips , 23
chipotle hot sauce , 12
yellow sweet pepper , 20
chicken bouillon granules , 17
red delicious apple , 12
plain fat-free yogurt , 133
fat-free chicken broth , 17
crescent roll dough , 56
russian salad dressing , 13
madras curry powder , 14
non-fat cooking spray , 11
creamy salad dressing , 10
marinated artichoke hearts , 64
dried red chilies , 23
snow pea sprouts , 11
dill pickle slices , 61
unsweetened coconut milk , 27
sun-dried tomato paste , 10
monterey jack cheese , 82
liquid smoke flavoring , 29
dry dessert wine , 80
green curry paste , 11
chicken bouillon powder , 12
day-old white bread , 15
finely parmigiano-reggiano cheese , 13
colby-monterey jack cheese , 13
condensed beef broth , 11
garlic pepper seasoning , 17
fat-free refried beans , 30
orange juice concentrate , 41
crispy rice cereal , 57
corn flake crumbs , 26
flax seed meal , 212
plain low-fat yogurt , 114
whey protein powder , 12
sweetened whipped cream , 21
unbaked pie shell , 21
dried mixed fruit , 16
graham cracker crumbs , 60
hollandaise sauce mix , 11
white cake mix , 15
pickled jalapeno pepper , 38
vital wheat gluten , 37
red food coloring , 39
corn flakes cereal , 25
fat-free evaporated milk , 35
hash brown patties , 12
sweetened flaked coconut , 89
bread machine yeast , 38
toasted breaded hazelnuts , 10
puffed rice cereal , 32
seasoned stuffing mix , 13
puff pastry sheets , 26
mandarin orange segments , 20
dried orange peel , 12
unsweetened flaked coconut , 40
white grape juice , 12
plain nonfat yogurt , 90
buffalo wing sauce , 18
whole wheat tortilla , 47
apple juice concentrate , 33
powdered coffee creamer , 12
chocolate hazelnut spread , 17
whole black peppercorn , 12
chili without beans , 11
broccoli coleslaw mix , 11
roasted sunflower seeds , 35
roasted cashew nuts , 26
sweet hungarian paprika , 11
lemon%2c rind of , 39
large refrigerated biscuits , 12
lemon%2c peel of , 139
splenda sugar substitute , 381
old fashioned oats , 446
shredded wheat cereal , 17
refrigerated pie crusts , 39
frozen broccoli florets , 16
lemon%2c juice of , 265
lemons%2c peel of , 30
steel cut oats , 121
smoked turkey breast , 39
coarse grain mustard , 48
cream of wheat , 28
lemons%2c rind of , 13
green onion top , 12
cream of tartar , 112
diced green chilies , 121
fresh lemon rind , 41
fine dry breadcrumb , 31
raisin bran cereal , 42
fresh ground pepper , 510
frozen hash browns , 124
fresh thyme leave , 55
fresh rosemary leaf , 20
extra large eggs , 43
cinnamon baking chips , 16
refrigerated breadstick dough , 32
sugar-free maple syrup , 43
orange%2c peel of , 70
fresh orange juice , 89
orange%2c rind of , 16
blueberry muffin mix , 11
corn beef hash , 10
fajita seasoning mix , 24
butter flavor crisco , 12
fresh lemon juice , 681
fresh lemon peel , 24
ground red pepper , 143
ground flax seeds , 288
fast rising yeast , 29
ground lean pork , 37
bicarbonate of soda , 96
non-fat powdered milk , 48
2%25 low-fat milk , 192
1%25 low-fat milk , 186
rye cocktail bread , 16
flax seed oil , 34
equal sugar substitute , 19
frozen tater tots , 19
frozen dough rolls , 11
instant vanilla pudding , 26
cooked corned beef , 13
spice cake mix , 14
ground flax seed , 26
jimmy dean sausage , 26
mixed dried fruit , 40
portabella mushroom caps , 31
fresh lime juice , 260
mini chocolate chip , 86
light vanilla soymilk , 14
frozen bread dough , 51
green chili salsa , 19
hershey chocolate kisses , 12
fresh sage leaves , 24
prepared pizza crust , 72
unsweetened apple juice , 24
special k cereal , 11
frozen lemonade concentrate , 12
dark corn syrup , 36
o%27brien frozen potatoes , 12
crisp rice cereal , 36
vegetarian baked beans , 10
fresh chili pepper , 13
quick-cooking rolled oats , 80
green food coloring , 31
lean ground turkey , 72
frozen chopped broccoli , 43
passion fruit pulp , 10
wholemeal self-rising flour , 29
wooden popsicle sticks , 20
frozen puff pastry , 86
dried banana pieces , 11
reduced fat margarine , 16
minced garlic cloves , 63
fresh corn kernels , 25
light maple syrup , 11
whole wheat couscous , 12
soft silken tofu , 11
lime%2c juice of , 137
lemons%2c juice of , 38
green seedless grape , 15
fresh thyme leaves , 34
egg roll wraps , 42
fat free cheese , 19
dried tart cherry , 15
fiber one cereal , 33
red pepper sauce , 16
cooked sweet potato , 10
cooked long-grain rice , 16
orange%2c juice of , 28
solid pack pumpkin , 10
frozen green peas , 15
fresh coriander leaves , 150
whole green chilies , 25
oranges%2c peel of , 11
unbleached cane sugar , 23
honey nut cheerios , 14
pasteurized liquid egg-whites , 10
fresh jalapeno pepper , 13
light karo syrup , 19
cayenne pepper sauce , 16
emeril%27s original essence , 13
minced garlic clove , 49
fresh broccoli florets , 26
yellow food coloring , 24
reduced-fat baking mix , 10
black sesame seed , 19
fresh thyme sprigs , 15
whole wheat baguette , 11
carnation evaporated milk , 10
fresh coriander stem , 26
za%27atar spice mix , 20
ener-g egg substitute , 12
puffed wheat cereal , 20
fast rise yeast , 17
pork and beans , 11
miracle whip light , 30
double-acting baking powder , 32
nutritional yeast flakes , 24
frozen pie crusts , 12
braggs liquid aminos , 19
limes%2c juice of , 27
ground turkey breast , 36
fat free tortillas , 15
instant espresso powder , 12
lawry%27s seasoned salt , 36
unbaked pie shells , 17
instant mashed potatoes , 12
chicken bouillon granule , 11
miniature chocolate chip , 21
phyllo pastry sheets , 20
canned jalapeno slices , 16
ground cayenne pepper , 53
dry active yeast , 19
fresh garlic cloves , 40
hp steak sauce , 11
chocolate protein powder , 17
fresh garlic clove , 11
fat-free cool whip , 10
dried chipotle powder , 46
pimento stuffed olive , 40
blanched slivered almond , 12
fresh bean sprout , 12
fresh tarragon leaves , 14
golden grahams cereal , 14
frozen corn kernels , 41
fleur de sel , 10
low-fat greek yogurt , 19
dried garbanzo beans , 22
cooked turkey breast , 34
vanilla frozen yogurt , 12
lime%2c peel of , 12
celery %26 leaves , 12
frozen artichoke hearts , 13
laughing cow cheese , 16
hot chili sauce , 26
a.1. original sauce , 26
frozen mixed vegetables , 53
frozen baby peas , 10
stuffed green olive , 16
fresh cracked pepper , 18
fresh green beans , 13
fresh bay leaf , 10
stone ground mustard , 17
reynolds wrap foil , 11
mixed salad green , 28
top sirloin steaks , 20
white chicken meat , 14
beef hot dogs , 29
fresh lump crabmeat , 11
seafood cocktail sauce , 12
rice paper sheets , 13
low-fat ranch dressing , 12
cod fish fillets , 15
miniature pretzel twists , 18
frozen green pea , 17
whole grain buns , 30
wheat hamburger buns , 12
pita pocket bread , 13
roasted deli chicken , 10
white fish fillets , 15
lean ground lamb , 11
vegetable stock powder , 10
london broil beef , 10
condensed cream mushroom soup , 35
low sodium soy sauce , 128
boneless pork loin roast , 29
corn on the cob , 25
extra sharp cheddar cheese , 14
dark red kidney beans , 18
whole berry cranberry sauce , 41
whole milk ricotta cheese , 26
lipton onion soup mix , 24
reduced sodium soy sauce , 53
dry onion soup mix , 41
fat free cream cheese , 98
toasted breaded sesame oil , 70
dry ranch dressing mix , 26
condensed cream chicken soup , 28
condensed cheddar cheese soup , 24
chinese five spice powder , 41
garlic and herb seasoning , 15
whole grain english muffins , 10
cube soup stock cube , 10
tuna packed in oil , 10
mini sweet chocolate candies , 23
jiffy corn muffin mix , 14
small curd cottage cheese , 66
long grain white rice , 12
thai red curry paste , 18
condensed french onion soup , 12
italian salad dressing mix , 35
fat free mozzarella cheese , 28
semisweet sweet chocolate candies , 14
sharp white cheddar cheese , 31
fat free feta cheese , 11
tuna in vegetable oil , 28
low fat cottage cheese , 156
thai sweet chili sauce , 16
reduced-fat sharp cheddar cheese , 28
dried red pepper flakes , 18
dashes hot pepper sauce , 14
dried italian herb seasoning , 12
macaroni and cheese mix , 13
white sweet chocolate candies , 95
toasted breaded wheat germ , 71
dark sweet chocolate candies , 45
semi-sweet sweet chocolate candies , 306
unsweetened vanilla-flavored almond milk , 10
vanilla whey protein powder , 30
milk sweet chocolate candies , 77
hot red pepper flakes , 21
fat-free liquid egg product , 20
fresh ground black pepper , 1272
unsweetened dried shredded coconut , 45
cream of celery soup , 32
frozen hash brown potatoes , 120
egg beaters egg substitute , 152
refrigerated crescent dinner rolls , 194
crushed pineapple in juice , 27
1%25 fat cottage cheese , 11
cream of mushroom soup , 138
crushed red pepper flakes , 340
frozen shredded hash browns , 27
instant nonfat dry milk , 23
mushroom stems and pieces , 28
frozen white bread dough , 14
cream of chicken soup , 98
frozen apple juice concentrate , 22
crushed pineapple with juice , 12
frank%27s red hot sauce , 39
vanilla instant pudding mix , 31
2%25 fat cottage cheese , 13
frozen whole kernel corn , 22
dry crushed red pepper , 17
lemon low fat yogurt , 11
powdered soy protein concentrate , 19
whole wheat english muffin , 26
fat-free sweetened condensed milk , 10
toasted breaded sliced almonds , 20
bisquick reduced-fat baking mix , 18
fat free egg substitute , 41
soft fresh goat cheese , 27
frozen orange juice concentrate , 49
mrs. dash seasoning mix , 27
brown and serve sausages , 14
miniature party rye rounds , 12
instant malted milk powder , 17
bisquick heart smart mix , 16
thick %26 chunky salsa , 21
shredded hash brown potatoes , 13
deep dish pie shells , 16
canned diced green chiles , 10
four-cheese mexican blend cheese , 14
light whole wheat bread , 15
deep dish pie shell , 17
whole wheat pita bread , 97
all purpose greek seasoning , 26
stove top stuffing mix , 11
fresh ground white pepper , 20
puffed brown rice cereal , 10
milk chocolate candy bars , 10
9 inch pie shell , 11
chipotle chile in adobo , 76
boneless pork shoulder blade , 14
semi-sweet chocolate baking squares , 10
chipotle chiles in adobo , 38
dried ancho chile powder , 18
unsweetened vanilla almond breeze , 10
refrigerated reduced-fat crescent rolls , 15
cream of potato soup , 10
chocolate whey protein powder , 12
red chili pepper flakes , 37
fat free greek yogurt , 33
reduced-fat mexican cheese blend , 12
m%26m%27s plain chocolate candy , 32
dried chili pepper flakes , 23
bleu cheese salad dressing , 22
baked corn tortilla chips , 16
unsweetened vanilla almond milk , 10
roasted sweet red pepper , 12
whole wheat sandwich wraps , 11
chili paste with garlic , 13
bugles original flavor snacks , 18
whole wheat hamburger buns , 38
fat-free italian salad dressing , 14
chipotle peppers in adobo sauce , 12
miniature semisweet sweet chocolate candies , 56
condensed cream of chicken soup , 29
pillsbury refrigerated crescent dinner rolls , 53
frozen cubed hash brown potatoes , 14
fresh coarse ground black pepper , 100
condensed cream of mushroom soup , 29
semisweet mini sweet chocolate candies , 19
texas toasted bread thick bread , 58
cheerios toasted breaded oat cereal , 83
sun-dried tomato packed in oil , 38
honey bunches of oats cereal , 13
sugar-free instant vanilla pudding mix , 10
splenda sugar blend for baking , 28
lemon%2c juice and peel of , 31
lime%2c juice and peel of , 20
hidden valley%26reg%3b original ranch%26reg%3b dressing , 19
garlic %26 herb spreadable cheese , 11
laughing cow light swiss cheese , 13
mccormick%27s montreal brand steak seasoning , 29
simply potatoes%26reg%3b shredded hash browns , 89
simply potatoes traditional mashed potatoes , 18
hidden valley ranch dressing mix , 31
hamburger buns with sesame seeds , 26
quaker&#174 oats (quick or old fashioned , 10
frozen southern style hash brown potatoes , 19
corn and canola oil cooking spray , 16
simply potatoes diced potatoes with onion , 78
hidden valley original ranch seasoning mix , 13
i can%27t believe it%27s not butter%c2%ae spread , 14
